,Date,DataType,sightings,Overlap
0,2008-02-23,Acoustic,,Acoustic
1,2008-02-24,Acoustic,,Acoustic
2,2008-02-25,Acoustic,,AcousticWhale
3,2008-02-26,Acoustic,,Acoustic
4,2008-02-27,Acoustic,,Acoustic
5,2008-02-28,Acoustic,,Acoustic
6,2008-02-29,Acoustic,,AcousticWhale
7,2008-03-01,Acoustic,,Acoustic
8,2008-03-02,Acoustic,,Acoustic
9,2008-03-03,Acoustic,,Acoustic
10,2008-03-04,Acoustic,,Acoustic
11,2008-03-05,Acoustic,,Acoustic
12,2008-03-06,Acoustic,,AcousticWhale
13,2008-03-07,Acoustic,,AcousticWhale
14,2008-03-08,Acoustic,,Acoustic
15,2008-03-09,Acoustic,,Acoustic
16,2008-03-10,Acoustic,,Acoustic
17,2008-03-11,Acoustic,,AcousticWhale
18,2008-03-12,Acoustic,,Acoustic
19,2008-03-13,Acoustic,,Acoustic
20,2008-03-14,Acoustic,,AcousticWhale
21,2008-03-15,Acoustic,,Acoustic
22,2008-03-16,Acoustic,,Acoustic
23,2008-03-17,Acoustic,,Acoustic
24,2008-03-18,Acoustic,,AcousticWhale
25,2008-03-19,Acoustic,,Acoustic
26,2008-03-20,Acoustic,,Acoustic
27,2008-03-21,Acoustic,,Acoustic
28,2008-03-22,Acoustic,,Acoustic
29,2008-03-23,Acoustic,,Acoustic
30,2008-03-24,Acoustic,,AcousticWhale
31,2008-03-25,Acoustic,,Acoustic
32,2008-03-26,Acoustic,,Acoustic
33,2008-03-27,Acoustic,,AcousticWhale
34,2008-03-28,Acoustic,,Acoustic
35,2008-03-29,Acoustic,,Acoustic
36,2008-03-30,Acoustic,,Acoustic
37,2008-03-31,Acoustic,,Acoustic
38,2008-04-01,Acoustic,,Acoustic
39,2008-04-02,Acoustic,,Acoustic
40,2008-04-03,Acoustic,,Acoustic
41,2008-04-04,Acoustic,,Acoustic
42,2008-04-05,Acoustic,,Acoustic
43,2008-04-06,Acoustic,,Acoustic
44,2008-04-07,Acoustic,,Acoustic
45,2008-04-08,Acoustic,,AcousticWhale
46,2008-04-09,Acoustic,,AcousticWhale
47,2008-04-10,Acoustic,,AcousticWhale
48,2008-04-11,Acoustic,,AcousticWhale
49,2008-04-12,Acoustic,,Acoustic
50,2008-04-13,Acoustic,,Acoustic
51,2008-04-14,Acoustic,,AcousticWhale
52,2008-04-15,Acoustic,,AcousticWhale
53,2008-04-16,Acoustic,,Acoustic
54,2008-04-17,Acoustic,,Acoustic
55,2008-04-18,Acoustic,,Acoustic
56,2008-04-19,Acoustic,,AcousticWhale
57,2008-04-20,Acoustic,,AcousticWhale
58,2008-04-21,Acoustic,,AcousticWhale
59,2008-04-22,Acoustic,,Acoustic
60,2008-04-23,Acoustic,,AcousticWhale
61,2008-04-24,Acoustic,,Acoustic
62,2008-04-25,Acoustic,,AcousticWhale
63,2008-04-26,Acoustic,,AcousticWhale
64,2008-04-27,Acoustic,,AcousticWhale
65,2008-04-28,Acoustic,,AcousticWhale
66,2008-04-29,Acoustic,,Acoustic
67,2008-04-30,Acoustic,,Acoustic
68,2008-05-01,Acoustic,,AcousticWhale
69,2008-05-02,Acoustic,,Acoustic
70,2008-05-03,Acoustic,,Acoustic
71,2008-05-04,Acoustic,,Acoustic
72,2008-05-05,Acoustic,,Acoustic
73,2008-05-06,Acoustic,,Acoustic
74,2008-05-07,Acoustic,,Acoustic
75,2008-05-08,Acoustic,,Acoustic
76,2008-05-09,Acoustic,,Acoustic
77,2008-05-10,Acoustic,,Acoustic
78,2008-05-11,Acoustic,,Acoustic
79,2008-05-12,Acoustic,,Acoustic
80,2008-05-13,Acoustic,,Acoustic
81,2008-05-14,Acoustic,,Acoustic
82,2008-05-15,Acoustic,,AcousticWhale
83,2008-05-16,Acoustic,,Acoustic
84,2008-05-17,Acoustic,,Acoustic
85,2008-05-18,Acoustic,,Acoustic
86,2008-05-19,Acoustic,,Acoustic
87,2008-05-20,Acoustic,,Acoustic
88,2009-02-17,Acoustic,,Acoustic
89,2009-02-18,Acoustic,,AcousticWhale
90,2009-02-19,Acoustic,,Acoustic
91,2009-02-20,Acoustic,,Acoustic
92,2009-02-21,Acoustic,,Acoustic
93,2009-02-22,Acoustic,,AcousticWhale
94,2009-02-23,Acoustic,,Acoustic
95,2009-02-24,Acoustic,,Acoustic
96,2009-02-25,Acoustic,,AcousticWhale
97,2009-02-26,Acoustic,,AcousticWhale
98,2009-02-27,Acoustic,,Acoustic
99,2009-02-28,Acoustic,,Acoustic
100,2009-03-01,Acoustic,,Acoustic
101,2009-03-02,Acoustic,,Acoustic
102,2009-03-03,Acoustic,,Acoustic
103,2009-03-04,Acoustic,,Acoustic
104,2009-03-05,Acoustic,,Acoustic
105,2009-03-06,Acoustic,,Acoustic
106,2009-03-07,Acoustic,,Acoustic
107,2009-03-08,Acoustic,,Acoustic
108,2009-03-09,Acoustic,,Acoustic
109,2009-03-10,Acoustic,,AcousticWhale
110,2009-03-11,Acoustic,,Acoustic
111,2009-03-12,Acoustic,,Acoustic
112,2009-03-13,Acoustic,,Acoustic
113,2009-03-14,Acoustic,,AcousticWhale
114,2009-03-15,Acoustic,,AcousticWhale
115,2009-03-16,Acoustic,,Acoustic
116,2009-03-17,Acoustic,,AcousticWhale
117,2009-03-18,Acoustic,,Acoustic
118,2009-03-19,Acoustic,,Acoustic
119,2009-03-20,Acoustic,,Acoustic
120,2009-03-21,Acoustic,,Acoustic
121,2009-03-22,Acoustic,,Acoustic
122,2009-03-23,Acoustic,,Acoustic
123,2009-03-24,Acoustic,,Acoustic
124,2009-03-25,Acoustic,,Acoustic
125,2009-03-26,Acoustic,,AcousticWhale
126,2009-03-27,Acoustic,,Acoustic
127,2009-03-28,Acoustic,,Acoustic
128,2009-03-29,Acoustic,,Acoustic
129,2009-03-30,Acoustic,,Acoustic
130,2009-03-31,Acoustic,,Acoustic
131,2009-04-01,Acoustic,,AcousticWhale
132,2009-04-02,Acoustic,,Acoustic
133,2009-04-03,Acoustic,,Acoustic
134,2009-04-04,Acoustic,,Acoustic
135,2009-04-05,Acoustic,,Acoustic
136,2009-04-06,Acoustic,,Acoustic
137,2009-04-07,Acoustic,,Acoustic
138,2009-04-08,Acoustic,,Acoustic
139,2009-04-09,Acoustic,,AcousticWhale
140,2009-04-10,Acoustic,,AcousticWhale
141,2009-04-11,Acoustic,,Acoustic
142,2009-04-12,Acoustic,,Acoustic
143,2009-04-13,Acoustic,,Acoustic
144,2009-04-14,Acoustic,,AcousticWhale
145,2009-04-15,Acoustic,,Acoustic
146,2009-04-16,Acoustic,,Acoustic
147,2009-04-17,Acoustic,,AcousticWhale
148,2009-04-18,Acoustic,,AcousticWhale
149,2009-04-19,Acoustic,,Acoustic
150,2009-04-20,Acoustic,,Acoustic
151,2009-04-21,Acoustic,,Acoustic
152,2009-04-22,Acoustic,,Acoustic
153,2009-04-23,Acoustic,,Acoustic
154,2009-04-24,Acoustic,,AcousticWhale
155,2009-04-25,Acoustic,,AcousticWhale
156,2009-04-26,Acoustic,,AcousticWhale
157,2009-04-27,Acoustic,,AcousticWhale
158,2009-04-28,Acoustic,,Acoustic
159,2009-04-29,Acoustic,,Acoustic
160,2009-04-30,Acoustic,,AcousticWhale
161,2009-05-01,Acoustic,,Acoustic
162,2009-05-02,Acoustic,,Acoustic
163,2009-05-03,Acoustic,,Acoustic
164,2009-05-04,Acoustic,,AcousticWhale
165,2009-05-05,Acoustic,,Acoustic
166,2009-05-06,Acoustic,,Acoustic
167,2009-05-07,Acoustic,,Acoustic
168,2009-05-08,Acoustic,,Acoustic
169,2009-05-09,Acoustic,,Acoustic
170,2009-05-10,Acoustic,,Acoustic
171,2009-05-11,Acoustic,,Acoustic
172,2009-05-12,Acoustic,,Acoustic
173,2009-05-13,Acoustic,,Acoustic
174,2009-05-14,Acoustic,,Acoustic
175,2009-05-15,Acoustic,,Acoustic
176,2009-05-16,Acoustic,,Acoustic
177,2010-03-08,Acoustic,,Acoustic
178,2010-03-09,Acoustic,,Acoustic
179,2010-03-10,Acoustic,,Acoustic
180,2010-03-11,Acoustic,,Acoustic
181,2010-03-12,Acoustic,,AcousticWhale
182,2010-03-13,Acoustic,,Acoustic
183,2010-03-14,Acoustic,,Acoustic
184,2010-03-15,Acoustic,,Acoustic
185,2010-03-16,Acoustic,,Acoustic
186,2010-03-17,Acoustic,,AcousticWhale
187,2010-03-18,Acoustic,,Acoustic
188,2010-03-19,Acoustic,,AcousticWhale
189,2010-03-20,Acoustic,,Acoustic
190,2010-03-21,Acoustic,,AcousticWhale
191,2010-03-22,Acoustic,,Acoustic
192,2010-03-23,Acoustic,,Acoustic
193,2010-03-24,Acoustic,,Acoustic
194,2010-03-25,Acoustic,,AcousticWhale
195,2010-03-26,Acoustic,,Acoustic
196,2010-03-27,Acoustic,,Acoustic
197,2010-03-28,Acoustic,,AcousticWhale
198,2010-03-29,Acoustic,,Acoustic
199,2010-03-30,Acoustic,,Acoustic
200,2010-03-31,Acoustic,,Acoustic
201,2010-04-01,Acoustic,,AcousticWhale
202,2010-04-02,Acoustic,,AcousticWhale
203,2010-04-03,Acoustic,,AcousticWhale
204,2010-04-04,Acoustic,,AcousticWhale
205,2010-04-05,Acoustic,,AcousticWhale
206,2010-04-06,Acoustic,,AcousticWhale
207,2010-04-07,Acoustic,,Acoustic
208,2010-04-08,Acoustic,,AcousticWhale
209,2010-04-09,Acoustic,,Acoustic
210,2010-04-10,Acoustic,,AcousticWhale
211,2010-04-11,Acoustic,,Acoustic
212,2010-04-12,Acoustic,,AcousticWhale
213,2010-04-13,Acoustic,,AcousticWhale
214,2010-04-14,Acoustic,,AcousticWhale
215,2010-04-15,Acoustic,,Acoustic
216,2010-04-16,Acoustic,,Acoustic
217,2010-04-17,Acoustic,,Acoustic
218,2010-04-18,Acoustic,,AcousticWhale
219,2010-04-19,Acoustic,,Acoustic
220,2010-04-20,Acoustic,,AcousticWhale
221,2010-04-21,Acoustic,,Acoustic
222,2010-04-22,Acoustic,,Acoustic
223,2010-04-23,Acoustic,,Acoustic
224,2010-04-24,Acoustic,,Acoustic
225,2010-04-25,Acoustic,,Acoustic
226,2010-04-26,Acoustic,,Acoustic
227,2010-04-27,Acoustic,,Acoustic
228,2010-04-28,Acoustic,,Acoustic
229,2010-04-29,Acoustic,,Acoustic
230,2010-04-30,Acoustic,,Acoustic
231,2010-05-01,Acoustic,,Acoustic
232,2010-05-02,Acoustic,,Acoustic
233,2010-05-03,Acoustic,,Acoustic
234,2010-05-04,Acoustic,,Acoustic
235,2010-05-05,Acoustic,,Acoustic
236,2011-02-17,Acoustic,,AcousticWhaleZooplankton
237,2011-02-18,Acoustic,,Acoustic
238,2011-02-19,Acoustic,,Acoustic
239,2011-02-20,Acoustic,,Acoustic
240,2011-02-21,Acoustic,,Acoustic
241,2011-02-22,Acoustic,,Acoustic
242,2011-02-23,Acoustic,,Acoustic
243,2011-02-24,Acoustic,,AcousticWhaleZooplankton
244,2011-02-25,Acoustic,,Acoustic
245,2011-02-26,Acoustic,,Acoustic
246,2011-02-27,Acoustic,,Acoustic
247,2011-02-28,Acoustic,,Acoustic
248,2011-03-01,Acoustic,,Acoustic
249,2011-03-02,Acoustic,,Acoustic
250,2011-03-03,Acoustic,,Acoustic
251,2011-03-04,Acoustic,,AcousticWhale
252,2011-03-05,Acoustic,,Acoustic
253,2011-03-06,Acoustic,,Acoustic
254,2011-03-07,Acoustic,,Acoustic
255,2011-03-08,Acoustic,,AcousticWhale
256,2011-03-09,Acoustic,,Acoustic
257,2011-03-10,Acoustic,,Acoustic
258,2011-03-11,Acoustic,,Acoustic
259,2011-03-12,Acoustic,,Acoustic
260,2011-03-13,Acoustic,,AcousticWhale
261,2011-03-14,Acoustic,,Acoustic
262,2011-03-15,Acoustic,,Acoustic
263,2011-03-16,Acoustic,,Acoustic
264,2011-03-17,Acoustic,,AcousticWhaleZooplankton
265,2011-03-18,Acoustic,,Acoustic
266,2011-03-19,Acoustic,,Acoustic
267,2011-03-20,Acoustic,,AcousticWhale
268,2011-03-21,Acoustic,,Acoustic
269,2011-03-22,Acoustic,,Acoustic
270,2011-03-23,Acoustic,,AcousticWhale
271,2011-03-24,Acoustic,,Acoustic
272,2011-03-25,Acoustic,,Acoustic
273,2011-03-26,Acoustic,,AcousticWhale
274,2011-03-27,Acoustic,,Acoustic
275,2011-03-28,Acoustic,,Acoustic
276,2011-03-29,Acoustic,,Acoustic
277,2011-03-30,Acoustic,,AcousticWhale
278,2011-03-31,Acoustic,,Acoustic
279,2011-04-01,Acoustic,,Acoustic
280,2011-04-02,Acoustic,,Acoustic
281,2011-04-03,Acoustic,,Acoustic
282,2011-04-04,Acoustic,,Acoustic
283,2011-04-05,Acoustic,,Acoustic
284,2011-04-06,Acoustic,,Acoustic
285,2011-04-07,Acoustic,,AcousticWhale
286,2011-04-08,Acoustic,,AcousticWhale
287,2011-04-09,Acoustic,,Acoustic
288,2011-04-10,Acoustic,,Acoustic
289,2011-04-11,Acoustic,,Acoustic
290,2011-04-12,Acoustic,,Acoustic
291,2011-04-13,Acoustic,,Acoustic
292,2011-04-14,Acoustic,,AcousticWhale
293,2011-04-15,Acoustic,,AcousticWhale
294,2011-04-16,Acoustic,,Acoustic
295,2011-04-17,Acoustic,,Acoustic
296,2011-04-18,Acoustic,,Acoustic
297,2011-04-19,Acoustic,,AcousticWhaleZooplankton
298,2011-04-20,Acoustic,,Acoustic
299,2011-04-21,Acoustic,,Acoustic
300,2011-04-22,Acoustic,,AcousticWhale
301,2011-04-23,Acoustic,,Acoustic
302,2011-04-24,Acoustic,,AcousticWhale
303,2011-04-25,Acoustic,,AcousticWhaleZooplankton
304,2011-04-26,Acoustic,,Acoustic
305,2011-04-27,Acoustic,,AcousticWhale
306,2011-04-28,Acoustic,,Acoustic
307,2011-04-29,Acoustic,,AcousticWhaleZooplankton
308,2011-04-30,Acoustic,,AcousticWhale
309,2011-05-01,Acoustic,,Acoustic
310,2011-05-02,Acoustic,,AcousticWhale
311,2011-05-03,Acoustic,,AcousticWhale
312,2011-05-04,Acoustic,,Acoustic
313,2011-05-05,Acoustic,,Acoustic
314,2011-05-06,Acoustic,,Acoustic
315,2011-05-07,Acoustic,,Acoustic
316,2011-05-08,Acoustic,,Acoustic
317,2013-01-28,Acoustic,,AcousticWhaleZooplankton
318,2013-01-29,Acoustic,,Acoustic
319,2013-01-30,Acoustic,,Acoustic
320,2013-01-31,Acoustic,,Acoustic
321,2013-02-01,Acoustic,,Acoustic
322,2013-02-02,Acoustic,,Acoustic
323,2013-02-03,Acoustic,,Acoustic
324,2013-02-04,Acoustic,,Acoustic
325,2013-02-05,Acoustic,,AcousticWhale
326,2013-02-06,Acoustic,,AcousticWhale
327,2013-02-07,Acoustic,,Acoustic
328,2013-02-08,Acoustic,,Acoustic
329,2013-02-09,Acoustic,,Acoustic
330,2013-02-10,Acoustic,,Acoustic
331,2013-02-11,Acoustic,,Acoustic
332,2013-02-12,Acoustic,,Acoustic
333,2013-02-13,Acoustic,,AcousticWhale
334,2013-02-14,Acoustic,,Acoustic
335,2013-02-15,Acoustic,,Acoustic
336,2013-02-16,Acoustic,,Acoustic
337,2013-02-17,Acoustic,,Acoustic
338,2013-02-18,Acoustic,,Acoustic
339,2013-02-19,Acoustic,,AcousticWhale
340,2013-02-20,Acoustic,,Acoustic
341,2013-02-21,Acoustic,,Acoustic
342,2013-02-22,Acoustic,,Acoustic
343,2013-02-23,Acoustic,,AcousticWhale
344,2013-02-24,Acoustic,,Acoustic
345,2013-02-25,Acoustic,,Acoustic
346,2013-02-26,Acoustic,,AcousticWhale
347,2013-02-27,Acoustic,,Acoustic
348,2013-02-28,Acoustic,,Acoustic
349,2013-03-01,Acoustic,,Acoustic
350,2013-03-02,Acoustic,,Acoustic
351,2013-03-03,Acoustic,,Acoustic
352,2013-03-04,Acoustic,,Acoustic
353,2013-03-05,Acoustic,,Acoustic
354,2013-03-06,Acoustic,,Acoustic
355,2013-03-07,Acoustic,,Acoustic
356,2013-03-08,Acoustic,,Acoustic
357,2013-03-09,Acoustic,,Acoustic
358,2013-03-10,Acoustic,,Acoustic
359,2013-03-11,Acoustic,,AcousticWhaleZooplankton
360,2013-03-12,Acoustic,,Acoustic
361,2013-03-13,Acoustic,,AcousticWhale
362,2013-03-14,Acoustic,,Acoustic
363,2013-03-15,Acoustic,,Acoustic
364,2013-03-16,Acoustic,,Acoustic
365,2013-03-17,Acoustic,,Acoustic
366,2013-03-18,Acoustic,,AcousticWhaleZooplankton
367,2013-03-19,Acoustic,,Acoustic
368,2013-03-20,Acoustic,,Acoustic
369,2013-03-21,Acoustic,,AcousticWhale
370,2013-03-22,Acoustic,,Acoustic
371,2013-03-23,Acoustic,,Acoustic
372,2013-03-24,Acoustic,,Acoustic
373,2013-03-25,Acoustic,,Acoustic
374,2013-03-26,Acoustic,,Acoustic
375,2013-03-27,Acoustic,,AcousticWhale
376,2013-03-28,Acoustic,,Acoustic
377,2013-03-29,Acoustic,,AcousticWhale
378,2013-03-30,Acoustic,,AcousticWhale
379,2013-03-31,Acoustic,,Acoustic
380,2013-04-01,Acoustic,,Acoustic
381,2013-04-02,Acoustic,,Acoustic
382,2013-04-03,Acoustic,,Acoustic
383,2013-04-04,Acoustic,,AcousticWhale
384,2013-04-05,Acoustic,,Acoustic
385,2013-04-06,Acoustic,,Acoustic
386,2013-04-07,Acoustic,,Acoustic
387,2013-04-08,Acoustic,,AcousticWhaleZooplankton
388,2013-04-09,Acoustic,,Acoustic
389,2013-04-10,Acoustic,,AcousticWhale
390,2013-04-11,Acoustic,,AcousticWhale
391,2013-04-12,Acoustic,,Acoustic
392,2013-04-13,Acoustic,,AcousticWhale
393,2013-04-14,Acoustic,,AcousticWhale
394,2013-04-15,Acoustic,,AcousticWhaleZooplankton
395,2013-04-16,Acoustic,,Acoustic
396,2013-04-17,Acoustic,,AcousticWhale
397,2013-04-18,Acoustic,,AcousticWhale
398,2013-04-19,Acoustic,,Acoustic
399,2013-04-20,Acoustic,,Acoustic
400,2013-04-21,Acoustic,,AcousticWhale
401,2013-04-22,Acoustic,,Acoustic
402,2013-04-23,Acoustic,,AcousticWhale
403,2013-04-24,Acoustic,,Acoustic
404,2013-04-25,Acoustic,,Acoustic
405,2013-04-26,Acoustic,,AcousticWhaleZooplankton
406,2013-04-27,Acoustic,,AcousticWhale
407,2013-04-28,Acoustic,,AcousticWhale
408,2013-04-29,Acoustic,,AcousticWhaleZooplankton
409,2013-04-30,Acoustic,,AcousticWhale
410,2013-05-01,Acoustic,,AcousticWhaleZooplankton
411,2013-05-02,Acoustic,,Acoustic
412,2013-05-03,Acoustic,,Acoustic
413,2013-05-04,Acoustic,,Acoustic
414,2013-05-05,Acoustic,,AcousticZooplankton
415,2013-05-06,Acoustic,,Acoustic
416,2014-03-01,Acoustic,,AcousticWhale
417,2014-03-02,Acoustic,,Acoustic
418,2014-03-03,Acoustic,,Acoustic
419,2014-03-04,Acoustic,,AcousticWhaleZooplankton
420,2014-03-05,Acoustic,,Acoustic
421,2014-03-06,Acoustic,,Acoustic
422,2014-03-07,Acoustic,,AcousticWhale
423,2014-03-08,Acoustic,,AcousticWhale
424,2014-03-09,Acoustic,,Acoustic
425,2014-03-10,Acoustic,,AcousticWhale
426,2014-03-11,Acoustic,,Acoustic
427,2014-03-12,Acoustic,,AcousticWhale
428,2014-03-13,Acoustic,,Acoustic
429,2014-03-14,Acoustic,,AcousticWhale
430,2014-03-15,Acoustic,,Acoustic
431,2014-03-16,Acoustic,,Acoustic
432,2014-03-17,Acoustic,,AcousticWhale
433,2014-03-18,Acoustic,,AcousticWhale
434,2014-03-19,Acoustic,,AcousticWhale
435,2014-03-20,Acoustic,,Acoustic
436,2014-03-21,Acoustic,,Acoustic
437,2014-03-22,Acoustic,,Acoustic
438,2014-03-23,Acoustic,,AcousticWhale
439,2014-03-24,Acoustic,,Acoustic
440,2014-03-25,Acoustic,,AcousticWhaleZooplankton
441,2014-03-26,Acoustic,,Acoustic
442,2014-03-27,Acoustic,,Acoustic
443,2014-03-28,Acoustic,,Acoustic
444,2014-03-29,Acoustic,,Acoustic
445,2014-03-30,Acoustic,,Acoustic
446,2014-03-31,Acoustic,,Acoustic
447,2014-04-01,Acoustic,,Acoustic
448,2014-04-02,Acoustic,,AcousticWhaleZooplankton
449,2014-04-03,Acoustic,,Acoustic
450,2014-04-04,Acoustic,,AcousticWhaleZooplankton
451,2014-04-05,Acoustic,,Acoustic
452,2014-04-06,Acoustic,,AcousticWhale
453,2014-04-07,Acoustic,,AcousticWhale
454,2014-04-08,Acoustic,,Acoustic
455,2014-04-09,Acoustic,,AcousticWhaleZooplankton
456,2014-04-10,Acoustic,,Acoustic
457,2014-04-11,Acoustic,,Acoustic
458,2014-04-12,Acoustic,,AcousticWhaleZooplankton
459,2014-04-13,Acoustic,,Acoustic
460,2014-04-14,Acoustic,,Acoustic
461,2014-04-15,Acoustic,,Acoustic
462,2014-04-16,Acoustic,,Acoustic
463,2014-04-17,Acoustic,,AcousticWhale
464,2014-04-18,Acoustic,,AcousticWhaleZooplankton
465,2014-04-19,Acoustic,,AcousticWhale
466,2014-04-20,Acoustic,,Acoustic
467,2014-04-21,Acoustic,,AcousticWhaleZooplankton
468,2014-04-22,Acoustic,,Acoustic
469,2014-04-23,Acoustic,,Acoustic
470,2014-04-24,Acoustic,,Acoustic
471,2014-04-25,Acoustic,,AcousticWhaleZooplankton
472,2014-04-26,Acoustic,,Acoustic
473,2014-04-27,Acoustic,,Acoustic
474,2014-04-28,Acoustic,,Acoustic
475,2014-04-29,Acoustic,,Acoustic
476,2014-04-30,Acoustic,,Acoustic
477,2014-05-01,Acoustic,,Acoustic
478,2014-05-02,Acoustic,,Acoustic
479,2014-05-03,Acoustic,,Acoustic
480,2014-05-04,Acoustic,,Acoustic
481,2014-05-05,Acoustic,,Acoustic
482,2014-05-06,Acoustic,,Acoustic
483,2014-05-07,Acoustic,,Acoustic
484,2014-05-08,Acoustic,,Acoustic
485,2014-05-09,Acoustic,,Acoustic
486,2014-05-10,Acoustic,,Acoustic
487,2014-05-11,Acoustic,,Acoustic
488,2014-05-12,Acoustic,,Acoustic
489,2014-05-13,Acoustic,,Acoustic
490,2014-05-14,Acoustic,,Acoustic
491,2014-05-15,Acoustic,,Acoustic
492,2014-05-16,Acoustic,,Acoustic
493,2014-05-17,Acoustic,,Acoustic
494,2014-05-18,Acoustic,,Acoustic
495,2014-05-19,Acoustic,,Acoustic
496,2014-05-20,Acoustic,,Acoustic
497,2014-05-21,Acoustic,,Acoustic
498,2015-02-17,Acoustic,,Acoustic
499,2015-02-18,Acoustic,,AcousticWhaleZooplankton
500,2015-02-19,Acoustic,,Acoustic
501,2015-02-20,Acoustic,,Acoustic
502,2015-02-21,Acoustic,,Acoustic
503,2015-02-22,Acoustic,,Acoustic
504,2015-02-23,Acoustic,,Acoustic
505,2015-02-24,Acoustic,,AcousticWhale
506,2015-02-25,Acoustic,,Acoustic
507,2015-02-26,Acoustic,,Acoustic
508,2015-02-27,Acoustic,,Acoustic
509,2015-02-28,Acoustic,,AcousticWhale
510,2015-03-01,Acoustic,,Acoustic
511,2015-03-02,Acoustic,,Acoustic
512,2015-03-03,Acoustic,,AcousticWhale
513,2015-03-04,Acoustic,,Acoustic
514,2015-03-05,Acoustic,,Acoustic
515,2015-03-06,Acoustic,,AcousticWhale
516,2015-03-07,Acoustic,,AcousticWhale
517,2015-03-08,Acoustic,,Acoustic
518,2015-03-09,Acoustic,,Acoustic
519,2015-03-10,Acoustic,,AcousticWhale
520,2015-03-11,Acoustic,,Acoustic
521,2015-03-12,Acoustic,,Acoustic
522,2015-03-13,Acoustic,,Acoustic
523,2015-03-14,Acoustic,,Acoustic
524,2015-03-15,Acoustic,,Acoustic
525,2015-03-16,Acoustic,,Acoustic
526,2015-03-17,Acoustic,,Acoustic
527,2015-03-18,Acoustic,,Acoustic
528,2015-03-19,Acoustic,,Acoustic
529,2015-03-20,Acoustic,,AcousticWhaleZooplankton
530,2015-03-21,Acoustic,,Acoustic
531,2015-03-22,Acoustic,,Acoustic
532,2015-03-23,Acoustic,,Acoustic
533,2015-03-24,Acoustic,,Acoustic
534,2015-03-25,Acoustic,,Acoustic
535,2015-03-26,Acoustic,,Acoustic
536,2015-03-27,Acoustic,,Acoustic
537,2015-03-28,Acoustic,,Acoustic
538,2015-03-29,Acoustic,,Acoustic
539,2015-03-30,Acoustic,,Acoustic
540,2015-03-31,Acoustic,,Acoustic
541,2015-04-01,Acoustic,,Acoustic
542,2015-04-02,Acoustic,,Acoustic
543,2015-04-03,Acoustic,,Acoustic
544,2015-04-04,Acoustic,,Acoustic
545,2015-04-05,Acoustic,,Acoustic
546,2015-04-06,Acoustic,,AcousticWhaleZooplankton
547,2015-04-07,Acoustic,,Acoustic
548,2015-04-08,Acoustic,,Acoustic
549,2015-04-09,Acoustic,,Acoustic
550,2015-04-10,Acoustic,,Acoustic
551,2015-04-11,Acoustic,,Acoustic
552,2015-04-12,Acoustic,,AcousticWhale
553,2015-04-13,Acoustic,,Acoustic
554,2015-04-14,Acoustic,,Acoustic
555,2015-04-15,Acoustic,,AcousticWhaleZooplankton
556,2015-04-16,Acoustic,,AcousticWhale
557,2015-04-17,Acoustic,,Acoustic
558,2015-04-18,Acoustic,,AcousticWhaleZooplankton
559,2015-04-19,Acoustic,,AcousticWhale
560,2015-04-20,Acoustic,,Acoustic
561,2015-04-21,Acoustic,,AcousticWhale
562,2015-04-22,Acoustic,,AcousticWhale
563,2015-04-23,Acoustic,,Acoustic
564,2015-04-24,Acoustic,,Acoustic
565,2015-04-25,Acoustic,,AcousticWhale
566,2015-04-26,Acoustic,,AcousticWhale
567,2015-04-27,Acoustic,,AcousticWhaleZooplankton
568,2015-04-28,Acoustic,,Acoustic
569,2015-04-29,Acoustic,,AcousticWhale
570,2015-04-30,Acoustic,,AcousticWhale
571,2015-05-01,Acoustic,,AcousticWhale
572,2015-05-02,Acoustic,,AcousticWhale
573,2015-05-03,Acoustic,,AcousticWhale
574,2015-05-04,Acoustic,,AcousticWhale
575,2015-05-05,Acoustic,,Acoustic
576,2015-05-06,Acoustic,,AcousticWhaleZooplankton
577,2015-05-07,Acoustic,,AcousticWhale
578,2015-05-08,Acoustic,,AcousticWhaleZooplankton
579,2015-05-09,Acoustic,,AcousticWhale
580,2015-05-10,Acoustic,,Acoustic
581,2015-05-11,Acoustic,,AcousticWhale
582,2015-05-12,Acoustic,,Acoustic
583,2015-05-13,Acoustic,,Acoustic
584,2015-05-14,Acoustic,,Acoustic
585,2015-05-15,Acoustic,,Acoustic
586,2015-05-16,Acoustic,,Acoustic
587,2015-05-17,Acoustic,,Acoustic
588,2015-05-18,Acoustic,,Acoustic
589,2015-05-19,Acoustic,,Acoustic
590,2015-05-20,Acoustic,,Acoustic
591,2015-05-21,Acoustic,,Acoustic
592,2016-02-15,Acoustic,,Acoustic
593,2016-02-16,Acoustic,,Acoustic
594,2016-02-17,Acoustic,,AcousticWhale
595,2016-02-18,Acoustic,,Acoustic
596,2016-02-19,Acoustic,,AcousticWhale
597,2016-02-20,Acoustic,,Acoustic
598,2016-02-21,Acoustic,,AcousticWhale
599,2016-02-22,Acoustic,,Acoustic
600,2016-02-23,Acoustic,,Acoustic
601,2016-02-24,Acoustic,,Acoustic
602,2016-02-25,Acoustic,,Acoustic
603,2016-02-26,Acoustic,,Acoustic
604,2016-02-27,Acoustic,,AcousticWhale
605,2016-02-28,Acoustic,,Acoustic
606,2016-02-29,Acoustic,,Acoustic
607,2016-03-01,Acoustic,,AcousticWhale
608,2016-03-02,Acoustic,,Acoustic
609,2016-03-03,Acoustic,,Acoustic
610,2016-03-04,Acoustic,,AcousticWhale
611,2016-03-05,Acoustic,,Acoustic
612,2016-03-06,Acoustic,,AcousticWhale
613,2016-03-07,Acoustic,,Acoustic
614,2016-03-08,Acoustic,,AcousticWhaleZooplankton
615,2016-03-09,Acoustic,,Acoustic
616,2016-03-10,Acoustic,,AcousticWhale
617,2016-03-11,Acoustic,,Acoustic
618,2016-03-12,Acoustic,,Acoustic
619,2016-03-13,Acoustic,,Acoustic
620,2016-03-14,Acoustic,,Acoustic
621,2016-03-15,Acoustic,,Acoustic
622,2016-03-16,Acoustic,,Acoustic
623,2016-03-17,Acoustic,,AcousticWhale
624,2016-03-18,Acoustic,,Acoustic
625,2016-03-19,Acoustic,,AcousticWhale
626,2016-03-20,Acoustic,,Acoustic
627,2016-03-21,Acoustic,,Acoustic
628,2016-03-22,Acoustic,,Acoustic
629,2016-03-23,Acoustic,,AcousticWhale
630,2016-03-24,Acoustic,,Acoustic
631,2016-03-25,Acoustic,,Acoustic
632,2016-03-26,Acoustic,,Acoustic
633,2016-03-27,Acoustic,,AcousticWhale
634,2016-03-28,Acoustic,,Acoustic
635,2016-03-29,Acoustic,,Acoustic
636,2016-03-30,Acoustic,,AcousticWhaleZooplankton
637,2016-03-31,Acoustic,,Acoustic
638,2016-04-01,Acoustic,,AcousticWhale
639,2016-04-02,Acoustic,,AcousticWhale
640,2016-04-03,Acoustic,,Acoustic
641,2016-04-04,Acoustic,,Acoustic
642,2016-04-05,Acoustic,,Acoustic
643,2016-04-06,Acoustic,,AcousticWhaleZooplankton
644,2016-04-07,Acoustic,,Acoustic
645,2016-04-08,Acoustic,,Acoustic
646,2016-04-09,Acoustic,,AcousticWhaleZooplankton
647,2016-04-10,Acoustic,,Acoustic
648,2016-04-11,Acoustic,,Acoustic
649,2016-04-12,Acoustic,,Acoustic
650,2016-04-13,Acoustic,,AcousticWhale
651,2016-04-14,Acoustic,,Acoustic
652,2016-04-15,Acoustic,,Acoustic
653,2016-04-16,Acoustic,,Acoustic
654,2016-04-17,Acoustic,,AcousticWhale
655,2016-04-18,Acoustic,,AcousticWhaleZooplankton
656,2016-04-19,Acoustic,,AcousticWhale
657,2016-04-20,Acoustic,,Acoustic
658,2016-04-21,Acoustic,,AcousticWhale
659,2016-04-22,Acoustic,,AcousticWhale
660,2016-04-23,Acoustic,,Acoustic
661,2016-04-24,Acoustic,,Acoustic
662,2016-04-25,Acoustic,,AcousticWhaleZooplankton
663,2016-04-26,Acoustic,,Acoustic
664,2016-04-27,Acoustic,,AcousticWhaleZooplankton
665,2016-04-28,Acoustic,,AcousticWhale
666,2016-04-29,Acoustic,,AcousticWhaleZooplankton
667,2016-04-30,Acoustic,,AcousticWhale
668,2016-05-01,Acoustic,,Acoustic
669,2016-05-02,Acoustic,,Acoustic
670,2016-05-03,Acoustic,,Acoustic
671,2016-05-04,Acoustic,,Acoustic
672,2016-05-05,Acoustic,,Acoustic
673,2016-05-06,Acoustic,,Acoustic
674,2016-05-07,Acoustic,,Acoustic
675,2016-05-08,Acoustic,,Acoustic
676,2016-05-09,Acoustic,,Acoustic
677,2016-05-10,Acoustic,,Acoustic
678,2016-05-11,Acoustic,,Acoustic
679,2016-05-12,Acoustic,,Acoustic
680,2016-05-13,Acoustic,,Acoustic
681,2016-05-14,Acoustic,,Acoustic
682,2016-05-15,Acoustic,,Acoustic
683,2016-05-16,Acoustic,,Acoustic
684,2016-05-17,Acoustic,,Acoustic
685,2016-05-18,Acoustic,,Acoustic
686,2016-05-19,Acoustic,,Acoustic
687,2016-05-20,Acoustic,,Acoustic
688,2016-05-21,Acoustic,,Acoustic
689,2016-05-22,Acoustic,,Acoustic
690,2016-05-23,Acoustic,,Acoustic
691,2016-05-24,Acoustic,,Acoustic
692,2016-05-25,Acoustic,,Acoustic
693,2017-02-21,Acoustic,,AcousticWhale
694,2017-02-22,Acoustic,,Acoustic
695,2017-02-23,Acoustic,,AcousticWhale
696,2017-02-24,Acoustic,,AcousticWhale
697,2017-02-25,Acoustic,,Acoustic
698,2017-02-26,Acoustic,,Acoustic
699,2017-02-27,Acoustic,,Acoustic
700,2017-02-28,Acoustic,,AcousticWhaleZooplankton
701,2017-03-01,Acoustic,,Acoustic
702,2017-03-02,Acoustic,,Acoustic
703,2017-03-03,Acoustic,,Acoustic
704,2017-03-04,Acoustic,,Acoustic
705,2017-03-05,Acoustic,,Acoustic
706,2017-03-06,Acoustic,,AcousticWhale
707,2017-03-07,Acoustic,,Acoustic
708,2017-03-08,Acoustic,,Acoustic
709,2017-03-09,Acoustic,,Acoustic
710,2017-03-10,Acoustic,,Acoustic
711,2017-03-11,Acoustic,,Acoustic
712,2017-03-12,Acoustic,,Acoustic
713,2017-03-13,Acoustic,,Acoustic
714,2017-03-14,Acoustic,,AcousticWhale
715,2017-03-15,Acoustic,,Acoustic
716,2017-03-16,Acoustic,,Acoustic
717,2017-03-17,Acoustic,,Acoustic
718,2017-03-18,Acoustic,,AcousticWhaleZooplankton
719,2017-03-19,Acoustic,,Acoustic
720,2017-03-20,Acoustic,,Acoustic
721,2017-03-21,Acoustic,,AcousticWhale
722,2017-03-22,Acoustic,,Acoustic
723,2017-03-23,Acoustic,,Acoustic
724,2017-03-24,Acoustic,,Acoustic
725,2017-03-25,Acoustic,,AcousticWhale
726,2017-03-26,Acoustic,,Acoustic
727,2017-03-27,Acoustic,,Acoustic
728,2017-03-28,Acoustic,,AcousticWhale
729,2017-03-29,Acoustic,,Acoustic
730,2017-03-30,Acoustic,,Acoustic
731,2017-03-31,Acoustic,,AcousticWhaleZooplankton
732,2017-04-01,Acoustic,,Acoustic
733,2017-04-02,Acoustic,,Acoustic
734,2017-04-03,Acoustic,,AcousticWhaleZooplankton
735,2017-04-04,Acoustic,,Acoustic
736,2017-04-05,Acoustic,,Acoustic
737,2017-04-06,Acoustic,,Acoustic
738,2017-04-07,Acoustic,,Acoustic
739,2017-04-08,Acoustic,,Acoustic
740,2017-04-09,Acoustic,,AcousticWhaleZooplankton
741,2017-04-10,Acoustic,,Acoustic
742,2017-04-11,Acoustic,,AcousticWhale
743,2017-04-12,Acoustic,,AcousticWhaleZooplankton
744,2017-04-13,Acoustic,,AcousticWhale
745,2017-04-14,Acoustic,,AcousticWhaleZooplankton
746,2017-04-15,Acoustic,,AcousticWhale
747,2017-04-16,Acoustic,,Acoustic
748,2017-04-17,Acoustic,,AcousticWhale
749,2017-04-18,Acoustic,,AcousticWhaleZooplankton
750,2017-04-19,Acoustic,,AcousticWhale
751,2017-04-20,Acoustic,,AcousticWhale
752,2017-04-21,Acoustic,,Acoustic
753,2017-04-22,Acoustic,,Acoustic
754,2017-04-23,Acoustic,,AcousticWhale
755,2017-04-24,Acoustic,,AcousticWhale
756,2017-04-25,Acoustic,,Acoustic
757,2017-04-26,Acoustic,,Acoustic
758,2017-04-27,Acoustic,,AcousticWhale
759,2017-04-28,Acoustic,,Acoustic
760,2017-04-29,Acoustic,,Acoustic
761,2017-04-30,Acoustic,,AcousticWhale
762,2017-05-01,Acoustic,,AcousticWhale
763,2017-05-02,Acoustic,,Acoustic
764,2017-05-03,Acoustic,,Acoustic
765,2017-05-04,Acoustic,,AcousticWhaleZooplankton
766,2017-05-05,Acoustic,,Acoustic
767,2017-05-06,Acoustic,,Acoustic
768,2017-05-07,Acoustic,,Acoustic
769,2017-05-08,Acoustic,,Acoustic
770,2017-05-09,Acoustic,,AcousticZooplankton
771,2017-05-10,Acoustic,,Acoustic
772,2017-05-11,Acoustic,,Acoustic
773,2017-05-12,Acoustic,,Acoustic
774,2017-05-13,Acoustic,,Acoustic
775,2017-05-14,Acoustic,,Acoustic
776,2017-05-15,Acoustic,,Acoustic
777,2017-05-16,Acoustic,,Acoustic
778,2018-02-13,Acoustic,,AcousticWhale
779,2018-02-14,Acoustic,,Acoustic
780,2018-02-15,Acoustic,,AcousticWhale
781,2018-02-16,Acoustic,,Acoustic
782,2018-02-17,Acoustic,,AcousticWhale
783,2018-02-18,Acoustic,,Acoustic
784,2018-02-19,Acoustic,,Acoustic
785,2018-02-20,Acoustic,,Acoustic
786,2018-02-21,Acoustic,,Acoustic
787,2018-02-22,Acoustic,,Acoustic
788,2018-02-23,Acoustic,,Acoustic
789,2018-02-24,Acoustic,,AcousticWhaleZooplankton
790,2018-02-25,Acoustic,,Acoustic
791,2018-02-26,Acoustic,,Acoustic
792,2018-02-27,Acoustic,,AcousticWhale
793,2018-02-28,Acoustic,,Acoustic
794,2018-03-01,Acoustic,,AcousticWhale
795,2018-03-02,Acoustic,,Acoustic
796,2018-03-03,Acoustic,,Acoustic
797,2018-03-04,Acoustic,,Acoustic
798,2018-03-05,Acoustic,,Acoustic
799,2018-03-06,Acoustic,,Acoustic
800,2018-03-07,Acoustic,,Acoustic
801,2018-03-08,Acoustic,,Acoustic
802,2018-03-09,Acoustic,,Acoustic
803,2018-03-10,Acoustic,,Acoustic
804,2018-03-11,Acoustic,,Acoustic
805,2018-03-12,Acoustic,,AcousticWhaleZooplankton
806,2018-03-13,Acoustic,,Acoustic
807,2018-03-14,Acoustic,,Acoustic
808,2018-03-15,Acoustic,,Acoustic
809,2018-03-16,Acoustic,,Acoustic
810,2018-03-17,Acoustic,,Acoustic
811,2018-03-18,Acoustic,,Acoustic
812,2018-03-19,Acoustic,,Acoustic
813,2018-03-20,Acoustic,,AcousticWhaleZooplankton
814,2018-03-21,Acoustic,,Acoustic
815,2018-03-22,Acoustic,,Acoustic
816,2018-03-23,Acoustic,,Acoustic
817,2018-03-24,Acoustic,,AcousticWhale
818,2018-03-25,Acoustic,,Acoustic
819,2018-03-26,Acoustic,,Acoustic
820,2018-03-27,Acoustic,,Acoustic
821,2018-03-28,Acoustic,,AcousticWhaleZooplankton
822,2018-03-29,Acoustic,,AcousticWhale
823,2018-03-30,Acoustic,,Acoustic
824,2018-03-31,Acoustic,,Acoustic
825,2018-04-01,Acoustic,,Acoustic
826,2018-04-02,Acoustic,,AcousticWhale
827,2018-04-03,Acoustic,,AcousticWhale
828,2018-04-04,Acoustic,,Acoustic
829,2018-04-05,Acoustic,,Acoustic
830,2018-04-06,Acoustic,,Acoustic
831,2018-04-07,Acoustic,,Acoustic
832,2018-04-08,Acoustic,,Acoustic
833,2018-04-09,Acoustic,,Acoustic
834,2018-04-10,Acoustic,,AcousticWhale
835,2018-04-11,Acoustic,,AcousticWhaleZooplankton
836,2018-04-12,Acoustic,,Acoustic
837,2018-04-13,Acoustic,,AcousticWhaleZooplankton
838,2018-04-14,Acoustic,,Acoustic
839,2018-04-15,Acoustic,,Acoustic
840,2018-04-16,Acoustic,,Acoustic
841,2018-04-17,Acoustic,,Acoustic
842,2018-04-18,Acoustic,,Acoustic
843,2018-04-19,Acoustic,,Acoustic
844,2018-04-20,Acoustic,,Acoustic
845,2018-04-21,Acoustic,,AcousticWhale
846,2018-04-22,Acoustic,,AcousticWhaleZooplankton
847,2018-04-23,Acoustic,,AcousticWhale
848,2018-04-24,Acoustic,,Acoustic
849,2018-04-25,Acoustic,,Acoustic
850,2018-04-26,Acoustic,,AcousticWhale
851,2018-04-27,Acoustic,,AcousticWhaleZooplankton
852,2018-04-28,Acoustic,,AcousticWhale
853,2018-04-29,Acoustic,,Acoustic
854,2018-04-30,Acoustic,,AcousticWhaleZooplankton
855,2018-05-01,Acoustic,,AcousticWhale
856,2018-05-02,Acoustic,,Acoustic
857,2018-05-03,Acoustic,,AcousticWhale
858,2018-05-04,Acoustic,,AcousticWhale
859,2018-05-05,Acoustic,,AcousticWhale
860,2018-05-06,Acoustic,,AcousticWhaleZooplankton
861,2018-05-07,Acoustic,,AcousticWhale
862,2018-05-08,Acoustic,,AcousticWhale
863,2018-05-09,Acoustic,,AcousticWhale
864,2018-05-10,Acoustic,,Acoustic
865,2018-05-11,Acoustic,,Acoustic
866,2018-05-12,Acoustic,,Acoustic
867,2018-05-13,Acoustic,,AcousticWhale
868,2018-05-14,Acoustic,,Acoustic
869,2018-05-15,Acoustic,,Acoustic
870,2018-05-16,Acoustic,,Acoustic
871,2018-05-17,Acoustic,,Acoustic
872,2018-05-18,Acoustic,,Acoustic
873,2018-05-19,Acoustic,,Acoustic
874,2018-05-20,Acoustic,,Acoustic
875,2018-05-21,Acoustic,,Acoustic
876,2018-05-22,Acoustic,,Acoustic
877,2018-05-23,Acoustic,,Acoustic
878,2018-05-24,Acoustic,,Acoustic
879,2018-05-25,Acoustic,,Acoustic
880,2018-05-26,Acoustic,,Acoustic
881,2018-05-27,Acoustic,,Acoustic
882,2018-05-28,Acoustic,,Acoustic
883,2018-05-29,Acoustic,,Acoustic
884,2018-05-30,Acoustic,,Acoustic
885,2008-01-12,Whale,1.0,Whale
886,2008-01-29,Whale,1.0,Whale
887,2008-02-03,Whale,2.0,Whale
888,2008-02-04,Whale,2.0,Whale
889,2008-02-21,Whale,1.0,Whale
890,2008-02-25,Whale,1.0,AcousticWhale
891,2008-02-29,Whale,5.0,AcousticWhale
892,2008-03-06,Whale,18.0,AcousticWhale
893,2008-03-07,Whale,12.0,AcousticWhale
894,2008-03-11,Whale,31.0,AcousticWhale
895,2008-03-14,Whale,37.0,AcousticWhale
896,2008-03-18,Whale,5.0,AcousticWhale
897,2008-03-24,Whale,16.0,AcousticWhale
898,2008-03-27,Whale,25.0,AcousticWhale
899,2008-04-08,Whale,34.0,AcousticWhale
900,2008-04-09,Whale,101.0,AcousticWhale
901,2008-04-10,Whale,58.0,AcousticWhale
902,2008-04-11,Whale,17.0,AcousticWhale
903,2008-04-14,Whale,14.0,AcousticWhale
904,2008-04-15,Whale,91.0,AcousticWhale
905,2008-04-19,Whale,66.0,AcousticWhale
906,2008-04-20,Whale,1.0,AcousticWhale
907,2008-04-21,Whale,67.0,AcousticWhale
908,2008-04-23,Whale,33.0,AcousticWhale
909,2008-04-25,Whale,3.0,AcousticWhale
910,2008-04-26,Whale,2.0,AcousticWhale
911,2008-04-27,Whale,2.0,AcousticWhale
912,2008-04-28,Whale,1.0,AcousticWhale
913,2008-05-01,Whale,9.0,AcousticWhale
914,2008-05-15,Whale,1.0,AcousticWhale
915,2009-01-26,Whale,1.0,Whale
916,2009-01-30,Whale,2.0,Whale
917,2009-02-02,Whale,2.0,Whale
918,2009-02-11,Whale,12.0,Whale
919,2009-02-16,Whale,18.0,Whale
920,2009-02-18,Whale,3.0,AcousticWhale
921,2009-02-22,Whale,2.0,AcousticWhale
922,2009-02-25,Whale,28.0,AcousticWhale
923,2009-02-26,Whale,2.0,AcousticWhale
924,2009-03-10,Whale,54.0,AcousticWhale
925,2009-03-14,Whale,2.0,AcousticWhale
926,2009-03-15,Whale,137.0,AcousticWhale
927,2009-03-17,Whale,53.0,AcousticWhale
928,2009-03-26,Whale,59.0,AcousticWhale
929,2009-04-01,Whale,6.0,AcousticWhale
930,2009-04-09,Whale,16.0,AcousticWhale
931,2009-04-10,Whale,113.0,AcousticWhale
932,2009-04-14,Whale,64.0,AcousticWhale
933,2009-04-17,Whale,91.0,AcousticWhale
934,2009-04-18,Whale,21.0,AcousticWhale
935,2009-04-24,Whale,20.0,AcousticWhale
936,2009-04-25,Whale,2.0,AcousticWhale
937,2009-04-26,Whale,1.0,AcousticWhale
938,2009-04-27,Whale,25.0,AcousticWhale
939,2009-04-30,Whale,1.0,AcousticWhale
940,2009-05-04,Whale,1.0,AcousticWhale
941,2009-09-26,Whale,1.0,Whale
942,2010-01-28,Whale,1.0,Whale
943,2010-02-02,Whale,27.0,Whale
944,2010-02-03,Whale,22.0,Whale
945,2010-02-13,Whale,14.0,Whale
946,2010-02-22,Whale,1.0,Whale
947,2010-02-28,Whale,3.0,Whale
948,2010-03-02,Whale,1.0,Whale
949,2010-03-07,Whale,14.0,Whale
950,2010-03-12,Whale,2.0,AcousticWhale
951,2010-03-17,Whale,2.0,AcousticWhale
952,2010-03-19,Whale,3.0,AcousticWhale
953,2010-03-21,Whale,16.0,AcousticWhale
954,2010-03-25,Whale,10.0,AcousticWhale
955,2010-03-28,Whale,8.0,AcousticWhale
956,2010-04-01,Whale,6.0,AcousticWhale
957,2010-04-02,Whale,62.0,AcousticWhale
958,2010-04-03,Whale,7.0,AcousticWhale
959,2010-04-04,Whale,6.0,AcousticWhale
960,2010-04-05,Whale,35.0,AcousticWhale
961,2010-04-06,Whale,12.0,AcousticWhale
962,2010-04-08,Whale,2.0,AcousticWhale
963,2010-04-10,Whale,1.0,AcousticWhale
964,2010-04-12,Whale,88.0,AcousticWhale
965,2010-04-13,Whale,74.0,AcousticWhale
966,2010-04-14,Whale,5.0,AcousticWhale
967,2010-04-18,Whale,12.0,AcousticWhale
968,2010-04-20,Whale,15.0,AcousticWhale
969,2011-01-06,Whale,3.0,Whale
970,2011-01-17,Whale,1.0,Whale
971,2011-01-22,Whale,6.0,Whale
972,2011-01-28,Whale,18.0,Whale
973,2011-01-29,Whale,6.0,Whale
974,2011-02-07,Whale,5.0,Whale
975,2011-02-17,Whale,24.0,AcousticWhaleZooplankton
976,2011-02-24,Whale,4.0,AcousticWhaleZooplankton
977,2011-03-04,Whale,1.0,AcousticWhale
978,2011-03-08,Whale,17.0,AcousticWhale
979,2011-03-13,Whale,13.0,AcousticWhale
980,2011-03-17,Whale,65.0,AcousticWhaleZooplankton
981,2011-03-20,Whale,10.0,AcousticWhale
982,2011-03-23,Whale,43.0,AcousticWhale
983,2011-03-26,Whale,1.0,AcousticWhale
984,2011-03-30,Whale,59.0,AcousticWhale
985,2011-04-07,Whale,11.0,AcousticWhale
986,2011-04-08,Whale,38.0,AcousticWhale
987,2011-04-14,Whale,98.0,AcousticWhale
988,2011-04-15,Whale,7.0,AcousticWhale
989,2011-04-19,Whale,121.0,AcousticWhaleZooplankton
990,2011-04-22,Whale,120.0,AcousticWhale
991,2011-04-24,Whale,59.0,AcousticWhale
992,2011-04-25,Whale,90.0,AcousticWhaleZooplankton
993,2011-04-27,Whale,2.0,AcousticWhale
994,2011-04-29,Whale,94.0,AcousticWhaleZooplankton
995,2011-04-30,Whale,3.0,AcousticWhale
996,2011-05-02,Whale,4.0,AcousticWhale
997,2011-05-03,Whale,33.0,AcousticWhale
998,2011-11-30,Whale,1.0,Whale
999,2011-12-03,Whale,3.0,Whale
1000,2012-01-07,Whale,35.0,Whale
1001,2012-01-16,Whale,16.0,Whale
1002,2012-01-23,Whale,12.0,Whale
1003,2012-01-26,Whale,40.0,WhaleZooplankton
1004,2012-02-02,Whale,14.0,Whale
1005,2012-02-05,Whale,47.0,Whale
1006,2012-02-09,Whale,23.0,WhaleZooplankton
1007,2012-02-15,Whale,76.0,WhaleZooplankton
1008,2012-02-16,Whale,3.0,Whale
1009,2012-02-27,Whale,9.0,WhaleZooplankton
1010,2012-02-29,Whale,60.0,WhaleZooplankton
1011,2012-03-04,Whale,33.0,Whale
1012,2012-03-12,Whale,24.0,Whale
1013,2012-03-16,Whale,40.0,Whale
1014,2012-03-17,Whale,31.0,Whale
1015,2012-03-18,Whale,1.0,Whale
1016,2012-03-19,Whale,51.0,Whale
1017,2012-03-20,Whale,36.0,Whale
1018,2012-03-21,Whale,27.0,Whale
1019,2012-03-23,Whale,38.0,WhaleZooplankton
1020,2012-03-31,Whale,2.0,Whale
1021,2012-04-01,Whale,11.0,WhaleZooplankton
1022,2012-04-06,Whale,2.0,Whale
1023,2012-04-13,Whale,111.0,WhaleZooplankton
1024,2012-04-17,Whale,26.0,WhaleZooplankton
1025,2012-04-19,Whale,3.0,Whale
1026,2012-08-16,Whale,1.0,Whale
1027,2012-11-18,Whale,1.0,Whale
1028,2012-12-12,Whale,1.0,Whale
1029,2012-12-13,Whale,15.0,Whale
1030,2012-12-29,Whale,5.0,Whale
1031,2013-01-06,Whale,4.0,Whale
1032,2013-01-11,Whale,32.0,Whale
1033,2013-01-12,Whale,4.0,Whale
1034,2013-01-17,Whale,2.0,Whale
1035,2013-01-21,Whale,2.0,Whale
1036,2013-01-28,Whale,9.0,AcousticWhaleZooplankton
1037,2013-02-05,Whale,13.0,AcousticWhale
1038,2013-02-06,Whale,7.0,AcousticWhale
1039,2013-02-13,Whale,7.0,AcousticWhale
1040,2013-02-19,Whale,1.0,AcousticWhale
1041,2013-02-23,Whale,2.0,AcousticWhale
1042,2013-02-26,Whale,8.0,AcousticWhale
1043,2013-03-11,Whale,4.0,AcousticWhaleZooplankton
1044,2013-03-13,Whale,6.0,AcousticWhale
1045,2013-03-18,Whale,28.0,AcousticWhaleZooplankton
1046,2013-03-21,Whale,16.0,AcousticWhale
1047,2013-03-27,Whale,4.0,AcousticWhale
1048,2013-03-29,Whale,2.0,AcousticWhale
1049,2013-03-30,Whale,2.0,AcousticWhale
1050,2013-04-04,Whale,4.0,AcousticWhale
1051,2013-04-08,Whale,44.0,AcousticWhaleZooplankton
1052,2013-04-10,Whale,58.0,AcousticWhale
1053,2013-04-11,Whale,13.0,AcousticWhale
1054,2013-04-13,Whale,5.0,AcousticWhale
1055,2013-04-14,Whale,49.0,AcousticWhale
1056,2013-04-15,Whale,130.0,AcousticWhaleZooplankton
1057,2013-04-17,Whale,96.0,AcousticWhale
1058,2013-04-18,Whale,24.0,AcousticWhale
1059,2013-04-21,Whale,43.0,AcousticWhale
1060,2013-04-23,Whale,1.0,AcousticWhale
1061,2013-04-26,Whale,137.0,AcousticWhaleZooplankton
1062,2013-04-27,Whale,117.0,AcousticWhale
1063,2013-04-28,Whale,62.0,AcousticWhale
1064,2013-04-29,Whale,106.0,AcousticWhaleZooplankton
1065,2013-04-30,Whale,30.0,AcousticWhale
1066,2013-05-01,Whale,52.0,AcousticWhaleZooplankton
1067,2013-10-31,Whale,1.0,Whale
1068,2013-12-29,Whale,2.0,Whale
1069,2014-01-05,Whale,12.0,Whale
1070,2014-01-10,Whale,2.0,Whale
1071,2014-01-16,Whale,2.0,Whale
1072,2014-01-17,Whale,16.0,Whale
1073,2014-02-01,Whale,6.0,Whale
1074,2014-02-08,Whale,7.0,Whale
1075,2014-02-12,Whale,19.0,Whale
1076,2014-02-20,Whale,33.0,Whale
1077,2014-02-23,Whale,14.0,Whale
1078,2014-03-01,Whale,11.0,AcousticWhale
1079,2014-03-04,Whale,48.0,AcousticWhaleZooplankton
1080,2014-03-07,Whale,7.0,AcousticWhale
1081,2014-03-08,Whale,2.0,AcousticWhale
1082,2014-03-10,Whale,25.0,AcousticWhale
1083,2014-03-12,Whale,7.0,AcousticWhale
1084,2014-03-14,Whale,2.0,AcousticWhale
1085,2014-03-17,Whale,7.0,AcousticWhale
1086,2014-03-18,Whale,48.0,AcousticWhale
1087,2014-03-19,Whale,6.0,AcousticWhale
1088,2014-03-23,Whale,55.0,AcousticWhale
1089,2014-03-25,Whale,71.0,AcousticWhaleZooplankton
1090,2014-04-02,Whale,77.0,AcousticWhaleZooplankton
1091,2014-04-04,Whale,103.0,AcousticWhaleZooplankton
1092,2014-04-06,Whale,67.0,AcousticWhale
1093,2014-04-07,Whale,6.0,AcousticWhale
1094,2014-04-09,Whale,98.0,AcousticWhaleZooplankton
1095,2014-04-12,Whale,127.0,AcousticWhaleZooplankton
1096,2014-04-17,Whale,3.0,AcousticWhale
1097,2014-04-18,Whale,75.0,AcousticWhaleZooplankton
1098,2014-04-19,Whale,13.0,AcousticWhale
1099,2014-04-21,Whale,56.0,AcousticWhaleZooplankton
1100,2014-04-25,Whale,8.0,AcousticWhaleZooplankton
1101,2014-12-22,Whale,7.0,Whale
1102,2015-01-11,Whale,5.0,Whale
1103,2015-01-21,Whale,1.0,Whale
1104,2015-01-23,Whale,4.0,Whale
1105,2015-02-12,Whale,17.0,Whale
1106,2015-02-18,Whale,6.0,AcousticWhaleZooplankton
1107,2015-02-24,Whale,10.0,AcousticWhale
1108,2015-02-28,Whale,6.0,AcousticWhale
1109,2015-03-03,Whale,7.0,AcousticWhale
1110,2015-03-06,Whale,7.0,AcousticWhale
1111,2015-03-07,Whale,1.0,AcousticWhale
1112,2015-03-10,Whale,4.0,AcousticWhale
1113,2015-03-20,Whale,1.0,AcousticWhaleZooplankton
1114,2015-04-06,Whale,29.0,AcousticWhaleZooplankton
1115,2015-04-12,Whale,4.0,AcousticWhale
1116,2015-04-15,Whale,14.0,AcousticWhaleZooplankton
1117,2015-04-16,Whale,15.0,AcousticWhale
1118,2015-04-18,Whale,62.0,AcousticWhaleZooplankton
1119,2015-04-19,Whale,33.0,AcousticWhale
1120,2015-04-21,Whale,5.0,AcousticWhale
1121,2015-04-22,Whale,28.0,AcousticWhale
1122,2015-04-25,Whale,56.0,AcousticWhale
1123,2015-04-26,Whale,58.0,AcousticWhale
1124,2015-04-27,Whale,77.0,AcousticWhaleZooplankton
1125,2015-04-29,Whale,80.0,AcousticWhale
1126,2015-04-30,Whale,72.0,AcousticWhale
1127,2015-05-01,Whale,9.0,AcousticWhale
1128,2015-05-02,Whale,123.0,AcousticWhale
1129,2015-05-03,Whale,7.0,AcousticWhale
1130,2015-05-04,Whale,61.0,AcousticWhale
1131,2015-05-06,Whale,91.0,AcousticWhaleZooplankton
1132,2015-05-07,Whale,6.0,AcousticWhale
1133,2015-05-08,Whale,54.0,AcousticWhaleZooplankton
1134,2015-05-09,Whale,6.0,AcousticWhale
1135,2015-05-11,Whale,13.0,AcousticWhale
1136,2015-07-23,Whale,2.0,Whale
1137,2015-08-29,Whale,1.0,Whale
1138,2015-08-30,Whale,1.0,Whale
1139,2015-09-02,Whale,1.0,Whale
1140,2016-01-07,Whale,2.0,Whale
1141,2016-01-15,Whale,3.0,Whale
1142,2016-01-30,Whale,3.0,Whale
1143,2016-02-07,Whale,2.0,Whale
1144,2016-02-12,Whale,2.0,Whale
1145,2016-02-17,Whale,1.0,AcousticWhale
1146,2016-02-19,Whale,6.0,AcousticWhale
1147,2016-02-21,Whale,8.0,AcousticWhale
1148,2016-02-27,Whale,9.0,AcousticWhale
1149,2016-03-01,Whale,17.0,AcousticWhale
1150,2016-03-04,Whale,6.0,AcousticWhale
1151,2016-03-06,Whale,21.0,AcousticWhale
1152,2016-03-08,Whale,53.0,AcousticWhaleZooplankton
1153,2016-03-10,Whale,14.0,AcousticWhale
1154,2016-03-17,Whale,10.0,AcousticWhale
1155,2016-03-19,Whale,7.0,AcousticWhale
1156,2016-03-23,Whale,35.0,AcousticWhale
1157,2016-03-27,Whale,146.0,AcousticWhale
1158,2016-03-30,Whale,103.0,AcousticWhaleZooplankton
1159,2016-04-01,Whale,2.0,AcousticWhale
1160,2016-04-02,Whale,29.0,AcousticWhale
1161,2016-04-06,Whale,62.0,AcousticWhaleZooplankton
1162,2016-04-09,Whale,46.0,AcousticWhaleZooplankton
1163,2016-04-13,Whale,33.0,AcousticWhale
1164,2016-04-17,Whale,19.0,AcousticWhale
1165,2016-04-18,Whale,26.0,AcousticWhaleZooplankton
1166,2016-04-19,Whale,4.0,AcousticWhale
1167,2016-04-21,Whale,25.0,AcousticWhale
1168,2016-04-22,Whale,21.0,AcousticWhale
1169,2016-04-25,Whale,40.0,AcousticWhaleZooplankton
1170,2016-04-27,Whale,16.0,AcousticWhaleZooplankton
1171,2016-04-28,Whale,10.0,AcousticWhale
1172,2016-04-29,Whale,6.0,AcousticWhaleZooplankton
1173,2016-04-30,Whale,2.0,AcousticWhale
1174,2017-01-17,Whale,2.0,Whale
1175,2017-01-19,Whale,7.0,Whale
1176,2017-01-30,Whale,11.0,Whale
1177,2017-02-03,Whale,4.0,Whale
1178,2017-02-14,Whale,15.0,Whale
1179,2017-02-19,Whale,21.0,Whale
1180,2017-02-21,Whale,8.0,AcousticWhale
1181,2017-02-23,Whale,2.0,AcousticWhale
1182,2017-02-24,Whale,6.0,AcousticWhale
1183,2017-02-28,Whale,48.0,AcousticWhaleZooplankton
1184,2017-03-06,Whale,18.0,AcousticWhale
1185,2017-03-14,Whale,2.0,AcousticWhale
1186,2017-03-18,Whale,23.0,AcousticWhaleZooplankton
1187,2017-03-21,Whale,54.0,AcousticWhale
1188,2017-03-25,Whale,18.0,AcousticWhale
1189,2017-03-28,Whale,29.0,AcousticWhale
1190,2017-03-31,Whale,65.0,AcousticWhaleZooplankton
1191,2017-04-03,Whale,108.0,AcousticWhaleZooplankton
1192,2017-04-09,Whale,183.0,AcousticWhaleZooplankton
1193,2017-04-11,Whale,4.0,AcousticWhale
1194,2017-04-12,Whale,179.0,AcousticWhaleZooplankton
1195,2017-04-13,Whale,5.0,AcousticWhale
1196,2017-04-14,Whale,262.0,AcousticWhaleZooplankton
1197,2017-04-15,Whale,6.0,AcousticWhale
1198,2017-04-17,Whale,198.0,AcousticWhale
1199,2017-04-18,Whale,13.0,AcousticWhaleZooplankton
1200,2017-04-19,Whale,13.0,AcousticWhale
1201,2017-04-20,Whale,60.0,AcousticWhale
1202,2017-04-23,Whale,123.0,AcousticWhale
1203,2017-04-24,Whale,74.0,AcousticWhale
1204,2017-04-27,Whale,9.0,AcousticWhale
1205,2017-04-30,Whale,23.0,AcousticWhale
1206,2017-05-01,Whale,12.0,AcousticWhale
1207,2017-05-04,Whale,12.0,AcousticWhaleZooplankton
1208,2017-12-24,Whale,2.0,Whale
1209,2018-01-16,Whale,16.0,Whale
1210,2018-01-19,Whale,10.0,Whale
1211,2018-02-06,Whale,19.0,Whale
1212,2018-02-13,Whale,11.0,AcousticWhale
1213,2018-02-15,Whale,2.0,AcousticWhale
1214,2018-02-17,Whale,10.0,AcousticWhale
1215,2018-02-24,Whale,73.0,AcousticWhaleZooplankton
1216,2018-02-27,Whale,48.0,AcousticWhale
1217,2018-03-01,Whale,33.0,AcousticWhale
1218,2018-03-12,Whale,31.0,AcousticWhaleZooplankton
1219,2018-03-20,Whale,32.0,AcousticWhaleZooplankton
1220,2018-03-24,Whale,1.0,AcousticWhale
1221,2018-03-28,Whale,59.0,AcousticWhaleZooplankton
1222,2018-03-29,Whale,55.0,AcousticWhale
1223,2018-04-02,Whale,1.0,AcousticWhale
1224,2018-04-03,Whale,3.0,AcousticWhale
1225,2018-04-10,Whale,7.0,AcousticWhale
1226,2018-04-11,Whale,14.0,AcousticWhaleZooplankton
1227,2018-04-13,Whale,13.0,AcousticWhaleZooplankton
1228,2018-04-21,Whale,43.0,AcousticWhale
1229,2018-04-22,Whale,105.0,AcousticWhaleZooplankton
1230,2018-04-23,Whale,40.0,AcousticWhale
1231,2018-04-26,Whale,2.0,AcousticWhale
1232,2018-04-27,Whale,172.0,AcousticWhaleZooplankton
1233,2018-04-28,Whale,53.0,AcousticWhale
1234,2018-04-30,Whale,124.0,AcousticWhaleZooplankton
1235,2018-05-01,Whale,21.0,AcousticWhale
1236,2018-05-03,Whale,13.0,AcousticWhale
1237,2018-05-04,Whale,67.0,AcousticWhale
1238,2018-05-05,Whale,3.0,AcousticWhale
1239,2018-05-06,Whale,55.0,AcousticWhaleZooplankton
1240,2018-05-07,Whale,2.0,AcousticWhale
1241,2018-05-08,Whale,4.0,AcousticWhale
1242,2018-05-09,Whale,12.0,AcousticWhale
1243,2018-05-13,Whale,1.0,AcousticWhale
1244,2018-12-11,Whale,9.0,Whale
1245,2018-12-14,Whale,5.0,Whale
1246,2018-12-19,Whale,8.0,Whale
1247,2018-12-30,Whale,3.0,Whale
1248,2011-02-17,Zooplankton,,AcousticWhaleZooplankton
1249,2011-02-24,Zooplankton,,AcousticWhaleZooplankton
1250,2011-03-17,Zooplankton,,AcousticWhaleZooplankton
1251,2011-04-19,Zooplankton,,AcousticWhaleZooplankton
1252,2011-04-25,Zooplankton,,AcousticWhaleZooplankton
1253,2011-04-29,Zooplankton,,AcousticWhaleZooplankton
1254,2012-01-26,Zooplankton,,WhaleZooplankton
1255,2012-02-09,Zooplankton,,WhaleZooplankton
1256,2012-02-15,Zooplankton,,WhaleZooplankton
1257,2012-02-27,Zooplankton,,WhaleZooplankton
1258,2012-02-29,Zooplankton,,WhaleZooplankton
1259,2012-03-23,Zooplankton,,WhaleZooplankton
1260,2012-04-01,Zooplankton,,WhaleZooplankton
1261,2012-04-13,Zooplankton,,WhaleZooplankton
1262,2012-04-17,Zooplankton,,WhaleZooplankton
1263,2013-01-28,Zooplankton,,AcousticWhaleZooplankton
1264,2013-03-11,Zooplankton,,AcousticWhaleZooplankton
1265,2013-03-18,Zooplankton,,AcousticWhaleZooplankton
1266,2013-04-08,Zooplankton,,AcousticWhaleZooplankton
1267,2013-04-15,Zooplankton,,AcousticWhaleZooplankton
1268,2013-04-26,Zooplankton,,AcousticWhaleZooplankton
1269,2013-04-29,Zooplankton,,AcousticWhaleZooplankton
1270,2013-05-01,Zooplankton,,AcousticWhaleZooplankton
1271,2013-05-05,Zooplankton,,AcousticZooplankton
1272,2014-03-04,Zooplankton,,AcousticWhaleZooplankton
1273,2014-03-25,Zooplankton,,AcousticWhaleZooplankton
1274,2014-04-02,Zooplankton,,AcousticWhaleZooplankton
1275,2014-04-04,Zooplankton,,AcousticWhaleZooplankton
1276,2014-04-09,Zooplankton,,AcousticWhaleZooplankton
1277,2014-04-12,Zooplankton,,AcousticWhaleZooplankton
1278,2014-04-18,Zooplankton,,AcousticWhaleZooplankton
1279,2014-04-21,Zooplankton,,AcousticWhaleZooplankton
1280,2014-04-25,Zooplankton,,AcousticWhaleZooplankton
1281,2015-02-18,Zooplankton,,AcousticWhaleZooplankton
1282,2015-03-20,Zooplankton,,AcousticWhaleZooplankton
1283,2015-04-06,Zooplankton,,AcousticWhaleZooplankton
1284,2015-04-15,Zooplankton,,AcousticWhaleZooplankton
1285,2015-04-18,Zooplankton,,AcousticWhaleZooplankton
1286,2015-04-27,Zooplankton,,AcousticWhaleZooplankton
1287,2015-05-06,Zooplankton,,AcousticWhaleZooplankton
1288,2015-05-08,Zooplankton,,AcousticWhaleZooplankton
1289,2016-03-08,Zooplankton,,AcousticWhaleZooplankton
1290,2016-03-30,Zooplankton,,AcousticWhaleZooplankton
1291,2016-04-06,Zooplankton,,AcousticWhaleZooplankton
1292,2016-04-09,Zooplankton,,AcousticWhaleZooplankton
1293,2016-04-18,Zooplankton,,AcousticWhaleZooplankton
1294,2016-04-25,Zooplankton,,AcousticWhaleZooplankton
1295,2016-04-27,Zooplankton,,AcousticWhaleZooplankton
1296,2016-04-29,Zooplankton,,AcousticWhaleZooplankton
1297,2017-02-28,Zooplankton,,AcousticWhaleZooplankton
1298,2017-03-18,Zooplankton,,AcousticWhaleZooplankton
1299,2017-03-31,Zooplankton,,AcousticWhaleZooplankton
1300,2017-04-03,Zooplankton,,AcousticWhaleZooplankton
1301,2017-04-09,Zooplankton,,AcousticWhaleZooplankton
1302,2017-04-12,Zooplankton,,AcousticWhaleZooplankton
1303,2017-04-14,Zooplankton,,AcousticWhaleZooplankton
1304,2017-04-18,Zooplankton,,AcousticWhaleZooplankton
1305,2017-05-04,Zooplankton,,AcousticWhaleZooplankton
1306,2017-05-09,Zooplankton,,AcousticZooplankton
1307,2018-02-24,Zooplankton,,AcousticWhaleZooplankton
1308,2018-03-12,Zooplankton,,AcousticWhaleZooplankton
1309,2018-03-20,Zooplankton,,AcousticWhaleZooplankton
1310,2018-03-28,Zooplankton,,AcousticWhaleZooplankton
1311,2018-04-11,Zooplankton,,AcousticWhaleZooplankton
1312,2018-04-13,Zooplankton,,AcousticWhaleZooplankton
1313,2018-04-22,Zooplankton,,AcousticWhaleZooplankton
1314,2018-04-27,Zooplankton,,AcousticWhaleZooplankton
1315,2018-04-30,Zooplankton,,AcousticWhaleZooplankton
1316,2018-05-06,Zooplankton,,AcousticWhaleZooplankton
